,URI,Alias,Type,Experiment,Species,Variety,ExperimentModalities,Repetition
0,test/your installation/1/DZ_PG_67/ZM4394/WW/1/DIA2017-05-19,1/DZ_PG_67/ZM4394/WW/1/DIA2017-05-19,Plant,DIA2017,Maize,iPG310,WW,1
1,test/your installation/2/DZ_PG_30/ZM4361/WW/1/DIA2017-05-19,2/DZ_PG_30/ZM4361/WW/1/DIA2017-05-19,Plant,DIA2017,Maize,iPG152,WW,1
2,test/your installation/3/DZ_PG_49/ZM4389/WW/1/DIA2017-05-19,3/DZ_PG_49/ZM4389/WW/1/DIA2017-05-19,Plant,DIA2017,Maize,iPG228,WW,1
3,test/your installation/4/DZ_PG_66/ZM4391/WW/1/DIA2017-05-19,4/DZ_PG_66/ZM4391/WW/1/DIA2017-05-19,Plant,DIA2017,Maize,iPG318,WW,1
4,test/your installation/5/DZ_PG_20/ZM4344/WW/1/DIA2017-05-19,5/DZ_PG_20/ZM4344/WW/1/DIA2017-05-19,Plant,DIA2017,Maize,iPG119,WW,1
5,test/your installation/6/DKC4590/XXXX/WW/1/DIA2017-05-19,6/DKC4590/XXXX/WW/1/DIA2017-05-19,Plant,DIA2017,Maize,DKC4590,WW,1
6,test/your installation/7/DKC4590/XXXX/WW/1/DIA2017-05-19,7/DKC4590/XXXX/WW/1/DIA2017-05-19,Plant,DIA2017,Maize,DKC4590,WW,1
7,test/your installation/8/DZ_PG_02/ZM4356/WW/1/DIA2017-05-19,8/DZ_PG_02/ZM4356/WW/1/DIA2017-05-19,Plant,DIA2017,Maize,iPG007,WW,1
8,test/your installation/9/DZ_PG_16/ZM4359/WW/1/DIA2017-05-19,9/DZ_PG_16/ZM4359/WW/1/DIA2017-05-19,Plant,DIA2017,Maize,iPG109,WW,1
9,test/your installation/10/DZ_PG_48/ZM4421/WW/1/DIA2017-05-19,10/DZ_PG_48/ZM4421/WW/1/DIA2017-05-19,Plant,DIA2017,Maize,iPG216,WW,1
10,test/your installation/11/DZ_PG_25/ZM4382/WW/1/DIA2017-05-19,11/DZ_PG_25/ZM4382/WW/1/DIA2017-05-19,Plant,DIA2017,Maize,iPG136,WW,1
11,test/your installation/12/DZ_PG_10/ZM4365/WW/1/DIA2017-05-19,12/DZ_PG_10/ZM4365/WW/1/DIA2017-05-19,Plant,DIA2017,Maize,iPG073,WW,1
12,test/your installation/13/DZ_PG_24/ZM4342/WW/1/DIA2017-05-19,13/DZ_PG_24/ZM4342/WW/1/DIA2017-05-19,Plant,DIA2017,Maize,iPG131,WW,1
13,test/your installation/14/DZ_PG_22/ZM4349/WW/1/DIA2017-05-19,14/DZ_PG_22/ZM4349/WW/1/DIA2017-05-19,Plant,DIA2017,Maize,iPG121,WW,1
14,test/your installation/15/DZ_PG_54/ZM4346/WW/1/DIA2017-05-19,15/DZ_PG_54/ZM4346/WW/1/DIA2017-05-19,Plant,DIA2017,Maize,iPG116,WW,1
15,test/your installation/16/DZ_PG_62/ZM4393/WW/1/DIA2017-05-19,16/DZ_PG_62/ZM4393/WW/1/DIA2017-05-19,Plant,DIA2017,Maize,iPG303,WW,1
16,test/your installation/17/DZ_PG_37/ZM4364/WW/1/DIA2017-05-19,17/DZ_PG_37/ZM4364/WW/1/DIA2017-05-19,Plant,DIA2017,Maize,iPG167,WW,1
17,test/your installation/18/DZ_PG_53/ZM4345/WW/1/DIA2017-05-19,18/DZ_PG_53/ZM4345/WW/1/DIA2017-05-19,Plant,DIA2017,Maize,iPG190,WW,1
18,test/your installation/19/DZ_PG_69/ZM4396/WW/1/DIA2017-05-19,19/DZ_PG_69/ZM4396/WW/1/DIA2017-05-19,Plant,DIA2017,Maize,iPG312,WW,1
19,test/your installation/20/DKC4590/XXXX/WW/1/DIA2017-05-19,20/DKC4590/XXXX/WW/1/DIA2017-05-19,Plant,DIA2017,Maize,DKC4590,WW,1
20,test/your installation/21/DZ_PG_26/ZM4387/WW/1/DIA2017-05-19,21/DZ_PG_26/ZM4387/WW/1/DIA2017-05-19,Plant,DIA2017,Maize,iPG138,WW,1
21,test/your installation/22/DZ_PG_50/ZM4363/WW/1/DIA2017-05-19,22/DZ_PG_50/ZM4363/WW/1/DIA2017-05-19,Plant,DIA2017,Maize,iPG233,WW,1
22,test/your installation/23/DZ_PG_08/ZM4343/WW/1/DIA2017-05-19,23/DZ_PG_08/ZM4343/WW/1/DIA2017-05-19,Plant,DIA2017,Maize,iPG063,WW,1
23,test/your installation/24/DZ_PG_19/ZM4367/WW/1/DIA2017-05-19,24/DZ_PG_19/ZM4367/WW/1/DIA2017-05-19,Plant,DIA2017,Maize,iPG117,WW,1
24,test/your installation/25/DZ_PG_51/ZM4350/WW/1/DIA2017-05-19,25/DZ_PG_51/ZM4350/WW/1/DIA2017-05-19,Plant,DIA2017,Maize,iPG234,WW,1
25,test/your installation/26/DZ_PG_12/ZM1304_lot1/WW/1/DIA2017-05-19,26/DZ_PG_12/ZM1304_lot1/WW/1/DIA2017-05-19,Plant,DIA2017,Maize,iPG082,WW,1
26,test/your installation/27/DZ_PG_74/ZM4397/WW/1/DIA2017-05-19,27/DZ_PG_74/ZM4397/WW/1/DIA2017-05-19,Plant,DIA2017,Maize,iPG313,WW,1
27,test/your installation/28/DZ_PG_72/ZM4398/WW/1/DIA2017-05-19,28/DZ_PG_72/ZM4398/WW/1/DIA2017-05-19,Plant,DIA2017,Maize,iPG314,WW,1
28,test/your installation/29/DZ_PG_47/ZM4362/WW/1/DIA2017-05-19,29/DZ_PG_47/ZM4362/WW/1/DIA2017-05-19,Plant,DIA2017,Maize,iPG202,WW,1
29,test/your installation/30/DZ_PG_04/ZM4366/WW/1/DIA2017-05-19,30/DZ_PG_04/ZM4366/WW/1/DIA2017-05-19,Plant,DIA2017,Maize,iPG321,WW,1
30,test/your installation/31/DZ_PG_62/ZM4393/WW/1/DIA2017-05-19,31/DZ_PG_62/ZM4393/WW/1/DIA2017-05-19,Plant,DIA2017,Maize,iPG303,WW,1
31,test/your installation/32/DZ_PG_03/ZM4377/WW/1/DIA2017-05-19,32/DZ_PG_03/ZM4377/WW/1/DIA2017-05-19,Plant,DIA2017,Maize,iPG017,WW,1
32,test/your installation/33/DZ_PG_40/ZM4390/WW/1/DIA2017-05-19,33/DZ_PG_40/ZM4390/WW/1/DIA2017-05-19,Plant,DIA2017,Maize,iPG176,WW,1
33,test/your installation/34/DZ_PG_14/ZM4375/WW/1/DIA2017-05-19,34/DZ_PG_14/ZM4375/WW/1/DIA2017-05-19,Plant,DIA2017,Maize,iPG101,WW,1
34,test/your installation/35/DZ_PG_33/ZM4353/WW/1/DIA2017-05-19,35/DZ_PG_33/ZM4353/WW/1/DIA2017-05-19,Plant,DIA2017,Maize,iPG158,WW,1
35,test/your installation/36/DZ_PG_17/ZM4348/WW/1/DIA2017-05-19,36/DZ_PG_17/ZM4348/WW/1/DIA2017-05-19,Plant,DIA2017,Maize,iPG110,WW,1
36,test/your installation/37/DZ_PG_43/ZM4380/WW/1/DIA2017-05-19,37/DZ_PG_43/ZM4380/WW/1/DIA2017-05-19,Plant,DIA2017,Maize,iPG188,WW,1
37,test/your installation/38/DZ_PG_21/ZM4360/WW/1/DIA2017-05-19,38/DZ_PG_21/ZM4360/WW/1/DIA2017-05-19,Plant,DIA2017,Maize,iPG120,WW,1
38,test/your installation/39/DZ_PG_23/ZM4388/WW/1/DIA2017-05-19,39/DZ_PG_23/ZM4388/WW/1/DIA2017-05-19,Plant,DIA2017,Maize,iPG128,WW,1
39,test/your installation/40/DZ_PG_09/ZM4368/WW/1/DIA2017-05-19,40/DZ_PG_09/ZM4368/WW/1/DIA2017-05-19,Plant,DIA2017,Maize,iPG066,WW,1
40,test/your installation/41/DZ_PG_01/ZM4381/WW/1/DIA2017-05-19,41/DZ_PG_01/ZM4381/WW/1/DIA2017-05-19,Plant,DIA2017,Maize,iPG004,WW,1
41,test/your installation/42/DZ_PG_68/ZM4395/WW/1/DIA2017-05-19,42/DZ_PG_68/ZM4395/WW/1/DIA2017-05-19,Plant,DIA2017,Maize,iPG311,WW,1
42,test/your installation/43/DZ_PG_39/ZM4371/WW/1/DIA2017-05-19,43/DZ_PG_39/ZM4371/WW/1/DIA2017-05-19,Plant,DIA2017,Maize,iPG173,WW,1
43,test/your installation/44/DZ_PG_34/ZM4384/WW/1/DIA2017-05-19,44/DZ_PG_34/ZM4384/WW/1/DIA2017-05-19,Plant,DIA2017,Maize,iPG159,WW,1
44,test/your installation/45/DKC4590/XXXX/WW/1/DIA2017-05-19,45/DKC4590/XXXX/WW/1/DIA2017-05-19,Plant,DIA2017,Maize,DKC4590,WW,1
45,test/your installation/46/DKC4590/XXXX/WW/1/DIA2017-05-19,46/DKC4590/XXXX/WW/1/DIA2017-05-19,Plant,DIA2017,Maize,DKC4590,WW,1
46,test/your installation/47/DZ_PG_36/ZM4372/WW/1/DIA2017-05-19,47/DZ_PG_36/ZM4372/WW/1/DIA2017-05-19,Plant,DIA2017,Maize,iPG165,WW,1
47,test/your installation/48/DZ_PG_41/ZM4378/WW/1/DIA2017-05-19,48/DZ_PG_41/ZM4378/WW/1/DIA2017-05-19,Plant,DIA2017,Maize,iPG181,WW,1
48,test/your installation/49/DZ_PG_07/ZM4351/WW/1/DIA2017-05-19,49/DZ_PG_07/ZM4351/WW/1/DIA2017-05-19,Plant,DIA2017,Maize,iPG062,WW,1
49,test/your installation/50/DZ_PG_62/ZM4393/WW/1/DIA2017-05-19,50/DZ_PG_62/ZM4393/WW/1/DIA2017-05-19,Plant,DIA2017,Maize,iPG303,WW,1
50,test/your installation/51/DZ_PG_52/ZM4370/WW/1/DIA2017-05-19,51/DZ_PG_52/ZM4370/WW/1/DIA2017-05-19,Plant,DIA2017,Maize,iPG239,WW,1
51,test/your installation/52/DZ_PG_55/ZM4355/WW/1/DIA2017-05-19,52/DZ_PG_55/ZM4355/WW/1/DIA2017-05-19,Plant,DIA2017,Maize,iPG146,WW,1
52,test/your installation/53/DZ_PG_13/ZM4379/WW/1/DIA2017-05-19,53/DZ_PG_13/ZM4379/WW/1/DIA2017-05-19,Plant,DIA2017,Maize,iPG089,WW,1
53,test/your installation/54/DZ_PG_45/ZM4385/WW/1/DIA2017-05-19,54/DZ_PG_45/ZM4385/WW/1/DIA2017-05-19,Plant,DIA2017,Maize,iPG194,WW,1
54,test/your installation/55/DZ_PG_11/ZM4386/WW/1/DIA2017-05-19,55/DZ_PG_11/ZM4386/WW/1/DIA2017-05-19,Plant,DIA2017,Maize,iPG077,WW,1
55,test/your installation/56/DZ_PG_05/ZM4357/WW/1/DIA2017-05-19,56/DZ_PG_05/ZM4357/WW/1/DIA2017-05-19,Plant,DIA2017,Maize,iPG026,WW,1
56,test/your installation/57/DZ_PG_27/ZM4354/WW/1/DIA2017-05-19,57/DZ_PG_27/ZM4354/WW/1/DIA2017-05-19,Plant,DIA2017,Maize,iPG103,WW,1
57,test/your installation/58/DZ_PG_35/ZM4358/WW/1/DIA2017-05-19,58/DZ_PG_35/ZM4358/WW/1/DIA2017-05-19,Plant,DIA2017,Maize,iPG164,WW,1
58,test/your installation/59/DZ_PG_44/ZM4369/WW/1/DIA2017-05-19,59/DZ_PG_44/ZM4369/WW/1/DIA2017-05-19,Plant,DIA2017,Maize,iPG189,WW,1
59,test/your installation/60/DZ_PG_32/ZM4352/WW/1/DIA2017-05-19,60/DZ_PG_32/ZM4352/WW/1/DIA2017-05-19,Plant,DIA2017,Maize,iPG155,WW,1
60,test/your installation/61/DZ_PG_31/ZM4347/WW/1/DIA2017-05-19,61/DZ_PG_31/ZM4347/WW/1/DIA2017-05-19,Plant,DIA2017,Maize,iPG153,WW,1
61,test/your installation/62/DZ_PG_63/ZM4392/WW/1/DIA2017-05-19,62/DZ_PG_63/ZM4392/WW/1/DIA2017-05-19,Plant,DIA2017,Maize,iPG304,WW,1
62,test/your installation/63/DZ_PG_06/ZM4376/WW/1/DIA2017-05-19,63/DZ_PG_06/ZM4376/WW/1/DIA2017-05-19,Plant,DIA2017,Maize,iPG029,WW,1
63,test/your installation/64/DZ_PG_67/ZM4394/WW/1/DIA2017-05-19,64/DZ_PG_67/ZM4394/WW/1/DIA2017-05-19,Plant,DIA2017,Maize,iPG310,WW,1
64,test/your installation/65/DZ_PG_46/ZM4374/WW/1/DIA2017-05-19,65/DZ_PG_46/ZM4374/WW/1/DIA2017-05-19,Plant,DIA2017,Maize,iPG195,WW,1
65,test/your installation/66/DZ_PG_26/ZM4387/WW/2/DIA2017-05-19,66/DZ_PG_26/ZM4387/WW/2/DIA2017-05-19,Plant,DIA2017,Maize,iPG138,WW,2
66,test/your installation/67/DZ_PG_55/ZM4355/WW/2/DIA2017-05-19,67/DZ_PG_55/ZM4355/WW/2/DIA2017-05-19,Plant,DIA2017,Maize,iPG146,WW,2
67,test/your installation/68/DZ_PG_03/ZM4377/WW/2/DIA2017-05-19,68/DZ_PG_03/ZM4377/WW/2/DIA2017-05-19,Plant,DIA2017,Maize,iPG017,WW,2
68,test/your installation/69/DZ_PG_32/ZM4352/WW/2/DIA2017-05-19,69/DZ_PG_32/ZM4352/WW/2/DIA2017-05-19,Plant,DIA2017,Maize,iPG155,WW,2
69,test/your installation/70/DZ_PG_43/ZM4380/WW/2/DIA2017-05-19,70/DZ_PG_43/ZM4380/WW/2/DIA2017-05-19,Plant,DIA2017,Maize,iPG188,WW,2
70,test/your installation/71/DZ_PG_12/ZM1304_lot1/WW/2/DIA2017-05-19,71/DZ_PG_12/ZM1304_lot1/WW/2/DIA2017-05-19,Plant,DIA2017,Maize,iPG082,WW,2
71,test/your installation/72/DZ_PG_39/ZM4371/WW/2/DIA2017-05-19,72/DZ_PG_39/ZM4371/WW/2/DIA2017-05-19,Plant,DIA2017,Maize,iPG173,WW,2
72,test/your installation/73/DZ_PG_17/ZM4348/WW/2/DIA2017-05-19,73/DZ_PG_17/ZM4348/WW/2/DIA2017-05-19,Plant,DIA2017,Maize,iPG110,WW,2
73,test/your installation/74/DZ_PG_20/ZM4344/WW/2/DIA2017-05-19,74/DZ_PG_20/ZM4344/WW/2/DIA2017-05-19,Plant,DIA2017,Maize,iPG119,WW,2
74,test/your installation/75/DZ_PG_69/ZM4396/WW/2/DIA2017-05-19,75/DZ_PG_69/ZM4396/WW/2/DIA2017-05-19,Plant,DIA2017,Maize,iPG312,WW,2
75,test/your installation/76/DZ_PG_31/ZM4347/WW/2/DIA2017-05-19,76/DZ_PG_31/ZM4347/WW/2/DIA2017-05-19,Plant,DIA2017,Maize,iPG153,WW,2
76,test/your installation/77/DZ_PG_37/ZM4364/WW/2/DIA2017-05-19,77/DZ_PG_37/ZM4364/WW/2/DIA2017-05-19,Plant,DIA2017,Maize,iPG167,WW,2
77,test/your installation/78/DZ_PG_40/ZM4390/WW/2/DIA2017-05-19,78/DZ_PG_40/ZM4390/WW/2/DIA2017-05-19,Plant,DIA2017,Maize,iPG176,WW,2
78,test/your installation/79/DZ_PG_50/ZM4363/WW/2/DIA2017-05-19,79/DZ_PG_50/ZM4363/WW/2/DIA2017-05-19,Plant,DIA2017,Maize,iPG233,WW,2
79,test/your installation/80/DZ_PG_68/ZM4395/WW/2/DIA2017-05-19,80/DZ_PG_68/ZM4395/WW/2/DIA2017-05-19,Plant,DIA2017,Maize,iPG311,WW,2
80,test/your installation/81/DZ_PG_10/ZM4365/WW/2/DIA2017-05-19,81/DZ_PG_10/ZM4365/WW/2/DIA2017-05-19,Plant,DIA2017,Maize,iPG073,WW,2
81,test/your installation/82/DZ_PG_54/ZM4346/WW/2/DIA2017-05-19,82/DZ_PG_54/ZM4346/WW/2/DIA2017-05-19,Plant,DIA2017,Maize,iPG116,WW,2
82,test/your installation/83/DZ_PG_36/ZM4372/WW/2/DIA2017-05-19,83/DZ_PG_36/ZM4372/WW/2/DIA2017-05-19,Plant,DIA2017,Maize,iPG165,WW,2
83,test/your installation/84/DZ_PG_67/ZM4394/WW/2/DIA2017-05-19,84/DZ_PG_67/ZM4394/WW/2/DIA2017-05-19,Plant,DIA2017,Maize,iPG310,WW,2
84,test/your installation/85/DKC4590/XXXX/WW/2/DIA2017-05-19,85/DKC4590/XXXX/WW/2/DIA2017-05-19,Plant,DIA2017,Maize,DKC4590,WW,2
85,test/your installation/86/DKC4590/XXXX/WW/2/DIA2017-05-19,86/DKC4590/XXXX/WW/2/DIA2017-05-19,Plant,DIA2017,Maize,DKC4590,WW,2
86,test/your installation/87/DZ_PG_47/ZM4362/WW/2/DIA2017-05-19,87/DZ_PG_47/ZM4362/WW/2/DIA2017-05-19,Plant,DIA2017,Maize,iPG202,WW,2
87,test/your installation/88/DZ_PG_67/ZM4394/WW/2/DIA2017-05-19,88/DZ_PG_67/ZM4394/WW/2/DIA2017-05-19,Plant,DIA2017,Maize,iPG310,WW,2
88,test/your installation/89/DZ_PG_22/ZM4349/WW/2/DIA2017-05-19,89/DZ_PG_22/ZM4349/WW/2/DIA2017-05-19,Plant,DIA2017,Maize,iPG121,WW,2
89,test/your installation/90/DZ_PG_35/ZM4358/WW/2/DIA2017-05-19,90/DZ_PG_35/ZM4358/WW/2/DIA2017-05-19,Plant,DIA2017,Maize,iPG164,WW,2
90,test/your installation/91/DZ_PG_49/ZM4389/WW/2/DIA2017-05-19,91/DZ_PG_49/ZM4389/WW/2/DIA2017-05-19,Plant,DIA2017,Maize,iPG228,WW,2
91,test/your installation/92/DZ_PG_53/ZM4345/WW/2/DIA2017-05-19,92/DZ_PG_53/ZM4345/WW/2/DIA2017-05-19,Plant,DIA2017,Maize,iPG190,WW,2
92,test/your installation/93/DZ_PG_41/ZM4378/WW/2/DIA2017-05-19,93/DZ_PG_41/ZM4378/WW/2/DIA2017-05-19,Plant,DIA2017,Maize,iPG181,WW,2
93,test/your installation/94/DZ_PG_21/ZM4360/WW/2/DIA2017-05-19,94/DZ_PG_21/ZM4360/WW/2/DIA2017-05-19,Plant,DIA2017,Maize,iPG120,WW,2
94,test/your installation/95/DZ_PG_51/ZM4350/WW/2/DIA2017-05-19,95/DZ_PG_51/ZM4350/WW/2/DIA2017-05-19,Plant,DIA2017,Maize,iPG234,WW,2
95,test/your installation/96/DZ_PG_27/ZM4354/WW/2/DIA2017-05-19,96/DZ_PG_27/ZM4354/WW/2/DIA2017-05-19,Plant,DIA2017,Maize,iPG103,WW,2
96,test/your installation/97/DZ_PG_45/ZM4385/WW/2/DIA2017-05-19,97/DZ_PG_45/ZM4385/WW/2/DIA2017-05-19,Plant,DIA2017,Maize,iPG194,WW,2
97,test/your installation/98/DKC4590/XXXX/WW/2/DIA2017-05-19,98/DKC4590/XXXX/WW/2/DIA2017-05-19,Plant,DIA2017,Maize,DKC4590,WW,2
98,test/your installation/99/DZ_PG_30/ZM4361/WW/2/DIA2017-05-19,99/DZ_PG_30/ZM4361/WW/2/DIA2017-05-19,Plant,DIA2017,Maize,iPG152,WW,2
99,test/your installation/100/DZ_PG_16/ZM4359/WW/2/DIA2017-05-19,100/DZ_PG_16/ZM4359/WW/2/DIA2017-05-19,Plant,DIA2017,Maize,iPG109,WW,2
100,test/your installation/101/DZ_PG_11/ZM4386/WW/2/DIA2017-05-19,101/DZ_PG_11/ZM4386/WW/2/DIA2017-05-19,Plant,DIA2017,Maize,iPG077,WW,2
101,test/your installation/102/DZ_PG_13/ZM4379/WW/2/DIA2017-05-19,102/DZ_PG_13/ZM4379/WW/2/DIA2017-05-19,Plant,DIA2017,Maize,iPG089,WW,2
102,test/your installation/103/DZ_PG_48/ZM4421/WW/2/DIA2017-05-19,103/DZ_PG_48/ZM4421/WW/2/DIA2017-05-19,Plant,DIA2017,Maize,iPG216,WW,2
103,test/your installation/104/DZ_PG_14/ZM4375/WW/2/DIA2017-05-19,104/DZ_PG_14/ZM4375/WW/2/DIA2017-05-19,Plant,DIA2017,Maize,iPG101,WW,2
104,test/your installation/105/DZ_PG_02/ZM4356/WW/2/DIA2017-05-19,105/DZ_PG_02/ZM4356/WW/2/DIA2017-05-19,Plant,DIA2017,Maize,iPG007,WW,2
105,test/your installation/106/DZ_PG_24/ZM4342/WW/2/DIA2017-05-19,106/DZ_PG_24/ZM4342/WW/2/DIA2017-05-19,Plant,DIA2017,Maize,iPG131,WW,2
106,test/your installation/107/DZ_PG_52/ZM4370/WW/2/DIA2017-05-19,107/DZ_PG_52/ZM4370/WW/2/DIA2017-05-19,Plant,DIA2017,Maize,iPG239,WW,2
107,test/your installation/108/DZ_PG_34/ZM4384/WW/2/DIA2017-05-19,108/DZ_PG_34/ZM4384/WW/2/DIA2017-05-19,Plant,DIA2017,Maize,iPG159,WW,2
108,test/your installation/109/DZ_PG_46/ZM4374/WW/2/DIA2017-05-19,109/DZ_PG_46/ZM4374/WW/2/DIA2017-05-19,Plant,DIA2017,Maize,iPG195,WW,2
109,test/your installation/110/DKC4590/XXXX/WW/2/DIA2017-05-19,110/DKC4590/XXXX/WW/2/DIA2017-05-19,Plant,DIA2017,Maize,DKC4590,WW,2
110,test/your installation/111/DKC4590/XXXX/WW/2/DIA2017-05-19,111/DKC4590/XXXX/WW/2/DIA2017-05-19,Plant,DIA2017,Maize,DKC4590,WW,2
111,test/your installation/112/DZ_PG_63/ZM4392/WW/2/DIA2017-05-19,112/DZ_PG_63/ZM4392/WW/2/DIA2017-05-19,Plant,DIA2017,Maize,iPG304,WW,2
112,test/your installation/113/DZ_PG_06/ZM4376/WW/2/DIA2017-05-19,113/DZ_PG_06/ZM4376/WW/2/DIA2017-05-19,Plant,DIA2017,Maize,iPG029,WW,2
113,test/your installation/114/DZ_PG_33/ZM4353/WW/2/DIA2017-05-19,114/DZ_PG_33/ZM4353/WW/2/DIA2017-05-19,Plant,DIA2017,Maize,iPG158,WW,2
114,test/your installation/115/DZ_PG_09/ZM4368/WW/2/DIA2017-05-19,115/DZ_PG_09/ZM4368/WW/2/DIA2017-05-19,Plant,DIA2017,Maize,iPG066,WW,2
115,test/your installation/116/DZ_PG_08/ZM4343/WW/2/DIA2017-05-19,116/DZ_PG_08/ZM4343/WW/2/DIA2017-05-19,Plant,DIA2017,Maize,iPG063,WW,2
116,test/your installation/117/DZ_PG_23/ZM4388/WW/2/DIA2017-05-19,117/DZ_PG_23/ZM4388/WW/2/DIA2017-05-19,Plant,DIA2017,Maize,iPG128,WW,2
117,test/your installation/118/DZ_PG_74/ZM4397/WW/2/DIA2017-05-19,118/DZ_PG_74/ZM4397/WW/2/DIA2017-05-19,Plant,DIA2017,Maize,iPG313,WW,2
118,test/your installation/119/DZ_PG_62/ZM4393/WW/2/DIA2017-05-19,119/DZ_PG_62/ZM4393/WW/2/DIA2017-05-19,Plant,DIA2017,Maize,iPG303,WW,2
119,test/your installation/120/DZ_PG_62/ZM4393/WW/2/DIA2017-05-19,120/DZ_PG_62/ZM4393/WW/2/DIA2017-05-19,Plant,DIA2017,Maize,iPG303,WW,2
120,test/your installation/121/DZ_PG_19/ZM4367/WW/2/DIA2017-05-19,121/DZ_PG_19/ZM4367/WW/2/DIA2017-05-19,Plant,DIA2017,Maize,iPG117,WW,2
121,test/your installation/122/DZ_PG_72/ZM4398/WW/2/DIA2017-05-19,122/DZ_PG_72/ZM4398/WW/2/DIA2017-05-19,Plant,DIA2017,Maize,iPG314,WW,2
122,test/your installation/123/DZ_PG_07/ZM4351/WW/2/DIA2017-05-19,123/DZ_PG_07/ZM4351/WW/2/DIA2017-05-19,Plant,DIA2017,Maize,iPG062,WW,2
123,test/your installation/124/DZ_PG_01/ZM4381/WW/2/DIA2017-05-19,124/DZ_PG_01/ZM4381/WW/2/DIA2017-05-19,Plant,DIA2017,Maize,iPG004,WW,2
124,test/your installation/125/DZ_PG_44/ZM4369/WW/2/DIA2017-05-19,125/DZ_PG_44/ZM4369/WW/2/DIA2017-05-19,Plant,DIA2017,Maize,iPG189,WW,2
125,test/your installation/126/DZ_PG_62/ZM4393/WW/2/DIA2017-05-19,126/DZ_PG_62/ZM4393/WW/2/DIA2017-05-19,Plant,DIA2017,Maize,iPG303,WW,2
126,test/your installation/127/DZ_PG_25/ZM4382/WW/2/DIA2017-05-19,127/DZ_PG_25/ZM4382/WW/2/DIA2017-05-19,Plant,DIA2017,Maize,iPG136,WW,2
127,test/your installation/128/DZ_PG_04/ZM4366/WW/2/DIA2017-05-19,128/DZ_PG_04/ZM4366/WW/2/DIA2017-05-19,Plant,DIA2017,Maize,iPG321,WW,2
128,test/your installation/129/DZ_PG_66/ZM4391/WW/2/DIA2017-05-19,129/DZ_PG_66/ZM4391/WW/2/DIA2017-05-19,Plant,DIA2017,Maize,iPG318,WW,2
129,test/your installation/130/DZ_PG_05/ZM4357/WW/2/DIA2017-05-19,130/DZ_PG_05/ZM4357/WW/2/DIA2017-05-19,Plant,DIA2017,Maize,iPG026,WW,2
130,test/your installation/131/DZ_PG_40/ZM4390/WD1/1/DIA2017-05-19,131/DZ_PG_40/ZM4390/WD1/1/DIA2017-05-19,Plant,DIA2017,Maize,iPG176,WD1,1
131,test/your installation/132/DZ_PG_33/ZM4353/WD1/1/DIA2017-05-19,132/DZ_PG_33/ZM4353/WD1/1/DIA2017-05-19,Plant,DIA2017,Maize,iPG158,WD1,1
132,test/your installation/133/DZ_PG_12/ZM1304_lot1/WD1/1/DIA2017-05-19,133/DZ_PG_12/ZM1304_lot1/WD1/1/DIA2017-05-19,Plant,DIA2017,Maize,iPG082,WD1,1
133,test/your installation/134/DZ_PG_53/ZM4345/WD1/1/DIA2017-05-19,134/DZ_PG_53/ZM4345/WD1/1/DIA2017-05-19,Plant,DIA2017,Maize,iPG190,WD1,1
134,test/your installation/135/DZ_PG_48/ZM4421/WD1/1/DIA2017-05-19,135/DZ_PG_48/ZM4421/WD1/1/DIA2017-05-19,Plant,DIA2017,Maize,iPG216,WD1,1
135,test/your installation/136/DZ_PG_72/ZM4398/WD1/1/DIA2017-05-19,136/DZ_PG_72/ZM4398/WD1/1/DIA2017-05-19,Plant,DIA2017,Maize,iPG314,WD1,1
136,test/your installation/137/DZ_PG_09/ZM4368/WD1/1/DIA2017-05-19,137/DZ_PG_09/ZM4368/WD1/1/DIA2017-05-19,Plant,DIA2017,Maize,iPG066,WD1,1
137,test/your installation/138/DZ_PG_31/ZM4347/WD1/1/DIA2017-05-19,138/DZ_PG_31/ZM4347/WD1/1/DIA2017-05-19,Plant,DIA2017,Maize,iPG153,WD1,1
138,test/your installation/139/DZ_PG_74/ZM4397/WD1/1/DIA2017-05-19,139/DZ_PG_74/ZM4397/WD1/1/DIA2017-05-19,Plant,DIA2017,Maize,iPG313,WD1,1
139,test/your installation/140/DZ_PG_22/ZM4349/WD1/1/DIA2017-05-19,140/DZ_PG_22/ZM4349/WD1/1/DIA2017-05-19,Plant,DIA2017,Maize,iPG121,WD1,1
140,test/your installation/141/DZ_PG_01/ZM4381/WD1/1/DIA2017-05-19,141/DZ_PG_01/ZM4381/WD1/1/DIA2017-05-19,Plant,DIA2017,Maize,iPG004,WD1,1
141,test/your installation/142/DZ_PG_27/ZM4354/WD1/1/DIA2017-05-19,142/DZ_PG_27/ZM4354/WD1/1/DIA2017-05-19,Plant,DIA2017,Maize,iPG103,WD1,1
142,test/your installation/143/DZ_PG_46/ZM4374/WD1/1/DIA2017-05-19,143/DZ_PG_46/ZM4374/WD1/1/DIA2017-05-19,Plant,DIA2017,Maize,iPG195,WD1,1
143,test/your installation/144/DZ_PG_25/ZM4382/WD1/1/DIA2017-05-19,144/DZ_PG_25/ZM4382/WD1/1/DIA2017-05-19,Plant,DIA2017,Maize,iPG136,WD1,1
144,test/your installation/145/DZ_PG_55/ZM4355/WD1/1/DIA2017-05-19,145/DZ_PG_55/ZM4355/WD1/1/DIA2017-05-19,Plant,DIA2017,Maize,iPG146,WD1,1
145,test/your installation/146/DZ_PG_10/ZM4365/WD1/1/DIA2017-05-19,146/DZ_PG_10/ZM4365/WD1/1/DIA2017-05-19,Plant,DIA2017,Maize,iPG073,WD1,1
146,test/your installation/147/DZ_PG_21/ZM4360/WD1/1/DIA2017-05-19,147/DZ_PG_21/ZM4360/WD1/1/DIA2017-05-19,Plant,DIA2017,Maize,iPG120,WD1,1
147,test/your installation/148/DZ_PG_34/ZM4384/WD1/1/DIA2017-05-19,148/DZ_PG_34/ZM4384/WD1/1/DIA2017-05-19,Plant,DIA2017,Maize,iPG159,WD1,1
148,test/your installation/149/DZ_PG_62/ZM4393/WD1/1/DIA2017-05-19,149/DZ_PG_62/ZM4393/WD1/1/DIA2017-05-19,Plant,DIA2017,Maize,iPG303,WD1,1
149,test/your installation/150/DKC4590/XXXX/WD1/1/DIA2017-05-19,150/DKC4590/XXXX/WD1/1/DIA2017-05-19,Plant,DIA2017,Maize,DKC4590,WD1,1
150,test/your installation/151/DKC4590/XXXX/WD1/1/DIA2017-05-19,151/DKC4590/XXXX/WD1/1/DIA2017-05-19,Plant,DIA2017,Maize,DKC4590,WD1,1
151,test/your installation/152/DZ_PG_13/ZM4379/WD1/1/DIA2017-05-19,152/DZ_PG_13/ZM4379/WD1/1/DIA2017-05-19,Plant,DIA2017,Maize,iPG089,WD1,1
152,test/your installation/153/DZ_PG_11/ZM4386/WD1/1/DIA2017-05-19,153/DZ_PG_11/ZM4386/WD1/1/DIA2017-05-19,Plant,DIA2017,Maize,iPG077,WD1,1
153,test/your installation/154/DZ_PG_47/ZM4362/WD1/1/DIA2017-05-19,154/DZ_PG_47/ZM4362/WD1/1/DIA2017-05-19,Plant,DIA2017,Maize,iPG202,WD1,1
154,test/your installation/155/DZ_PG_43/ZM4380/WD1/1/DIA2017-05-19,155/DZ_PG_43/ZM4380/WD1/1/DIA2017-05-19,Plant,DIA2017,Maize,iPG188,WD1,1
155,test/your installation/156/DZ_PG_50/ZM4363/WD1/1/DIA2017-05-19,156/DZ_PG_50/ZM4363/WD1/1/DIA2017-05-19,Plant,DIA2017,Maize,iPG233,WD1,1
156,test/your installation/157/DZ_PG_68/ZM4395/WD1/1/DIA2017-05-19,157/DZ_PG_68/ZM4395/WD1/1/DIA2017-05-19,Plant,DIA2017,Maize,iPG311,WD1,1
157,test/your installation/158/DZ_PG_06/ZM4376/WD1/1/DIA2017-05-19,158/DZ_PG_06/ZM4376/WD1/1/DIA2017-05-19,Plant,DIA2017,Maize,iPG029,WD1,1
158,test/your installation/159/DZ_PG_66/ZM4391/WD1/1/DIA2017-05-19,159/DZ_PG_66/ZM4391/WD1/1/DIA2017-05-19,Plant,DIA2017,Maize,iPG318,WD1,1
159,test/your installation/160/DZ_PG_16/ZM4359/WD1/1/DIA2017-05-19,160/DZ_PG_16/ZM4359/WD1/1/DIA2017-05-19,Plant,DIA2017,Maize,iPG109,WD1,1
160,test/your installation/161/DZ_PG_52/ZM4370/WD1/1/DIA2017-05-19,161/DZ_PG_52/ZM4370/WD1/1/DIA2017-05-19,Plant,DIA2017,Maize,iPG239,WD1,1
161,test/your installation/162/DZ_PG_19/ZM4367/WD1/1/DIA2017-05-19,162/DZ_PG_19/ZM4367/WD1/1/DIA2017-05-19,Plant,DIA2017,Maize,iPG117,WD1,1
162,test/your installation/163/DKC4590/XXXX/WD1/1/DIA2017-05-19,163/DKC4590/XXXX/WD1/1/DIA2017-05-19,Plant,DIA2017,Maize,DKC4590,WD1,1
163,test/your installation/164/DZ_PG_17/ZM4348/WD1/1/DIA2017-05-19,164/DZ_PG_17/ZM4348/WD1/1/DIA2017-05-19,Plant,DIA2017,Maize,iPG110,WD1,1
164,test/your installation/165/DZ_PG_62/ZM4393/WD1/1/DIA2017-05-19,165/DZ_PG_62/ZM4393/WD1/1/DIA2017-05-19,Plant,DIA2017,Maize,iPG303,WD1,1
165,test/your installation/166/DZ_PG_02/ZM4356/WD1/1/DIA2017-05-19,166/DZ_PG_02/ZM4356/WD1/1/DIA2017-05-19,Plant,DIA2017,Maize,iPG007,WD1,1
166,test/your installation/167/DZ_PG_26/ZM4387/WD1/1/DIA2017-05-19,167/DZ_PG_26/ZM4387/WD1/1/DIA2017-05-19,Plant,DIA2017,Maize,iPG138,WD1,1
167,test/your installation/168/DZ_PG_51/ZM4350/WD1/1/DIA2017-05-19,168/DZ_PG_51/ZM4350/WD1/1/DIA2017-05-19,Plant,DIA2017,Maize,iPG234,WD1,1
168,test/your installation/169/DZ_PG_35/ZM4358/WD1/1/DIA2017-05-19,169/DZ_PG_35/ZM4358/WD1/1/DIA2017-05-19,Plant,DIA2017,Maize,iPG164,WD1,1
169,test/your installation/170/DZ_PG_37/ZM4364/WD1/1/DIA2017-05-19,170/DZ_PG_37/ZM4364/WD1/1/DIA2017-05-19,Plant,DIA2017,Maize,iPG167,WD1,1
170,test/your installation/171/DZ_PG_03/ZM4377/WD1/1/DIA2017-05-19,171/DZ_PG_03/ZM4377/WD1/1/DIA2017-05-19,Plant,DIA2017,Maize,iPG017,WD1,1
171,test/your installation/172/DZ_PG_08/ZM4343/WD1/1/DIA2017-05-19,172/DZ_PG_08/ZM4343/WD1/1/DIA2017-05-19,Plant,DIA2017,Maize,iPG063,WD1,1
172,test/your installation/173/DZ_PG_62/ZM4393/WD1/1/DIA2017-05-19,173/DZ_PG_62/ZM4393/WD1/1/DIA2017-05-19,Plant,DIA2017,Maize,iPG303,WD1,1
173,test/your installation/174/DZ_PG_05/ZM4357/WD1/1/DIA2017-05-19,174/DZ_PG_05/ZM4357/WD1/1/DIA2017-05-19,Plant,DIA2017,Maize,iPG026,WD1,1
174,test/your installation/175/DKC4590/XXXX/WD1/1/DIA2017-05-19,175/DKC4590/XXXX/WD1/1/DIA2017-05-19,Plant,DIA2017,Maize,DKC4590,WD1,1
175,test/your installation/176/DKC4590/XXXX/WD1/1/DIA2017-05-19,176/DKC4590/XXXX/WD1/1/DIA2017-05-19,Plant,DIA2017,Maize,DKC4590,WD1,1
176,test/your installation/177/DZ_PG_23/ZM4388/WD1/1/DIA2017-05-19,177/DZ_PG_23/ZM4388/WD1/1/DIA2017-05-19,Plant,DIA2017,Maize,iPG128,WD1,1
177,test/your installation/178/DZ_PG_30/ZM4361/WD1/1/DIA2017-05-19,178/DZ_PG_30/ZM4361/WD1/1/DIA2017-05-19,Plant,DIA2017,Maize,iPG152,WD1,1
178,test/your installation/179/DZ_PG_69/ZM4396/WD1/1/DIA2017-05-19,179/DZ_PG_69/ZM4396/WD1/1/DIA2017-05-19,Plant,DIA2017,Maize,iPG312,WD1,1
179,test/your installation/180/DZ_PG_49/ZM4389/WD1/1/DIA2017-05-19,180/DZ_PG_49/ZM4389/WD1/1/DIA2017-05-19,Plant,DIA2017,Maize,iPG228,WD1,1
180,test/your installation/181/DZ_PG_45/ZM4385/WD1/1/DIA2017-05-19,181/DZ_PG_45/ZM4385/WD1/1/DIA2017-05-19,Plant,DIA2017,Maize,iPG194,WD1,1
181,test/your installation/182/DZ_PG_67/ZM4394/WD1/1/DIA2017-05-19,182/DZ_PG_67/ZM4394/WD1/1/DIA2017-05-19,Plant,DIA2017,Maize,iPG310,WD1,1
182,test/your installation/183/DZ_PG_45/ZM4385/WD1/1/DIA2017-05-19,183/DZ_PG_45/ZM4385/WD1/1/DIA2017-05-19,Plant,DIA2017,Maize,iPG194,WD1,1
183,test/your installation/184/DZ_PG_41/ZM4378/WD1/1/DIA2017-05-19,184/DZ_PG_41/ZM4378/WD1/1/DIA2017-05-19,Plant,DIA2017,Maize,iPG181,WD1,1
184,test/your installation/185/DZ_PG_32/ZM4352/WD1/1/DIA2017-05-19,185/DZ_PG_32/ZM4352/WD1/1/DIA2017-05-19,Plant,DIA2017,Maize,iPG155,WD1,1
185,test/your installation/186/DZ_PG_54/ZM4346/WD1/1/DIA2017-05-19,186/DZ_PG_54/ZM4346/WD1/1/DIA2017-05-19,Plant,DIA2017,Maize,iPG116,WD1,1
186,test/your installation/187/DZ_PG_24/ZM4342/WD1/1/DIA2017-05-19,187/DZ_PG_24/ZM4342/WD1/1/DIA2017-05-19,Plant,DIA2017,Maize,iPG131,WD1,1
187,test/your installation/188/DZ_PG_07/ZM4351/WD1/1/DIA2017-05-19,188/DZ_PG_07/ZM4351/WD1/1/DIA2017-05-19,Plant,DIA2017,Maize,iPG062,WD1,1
188,test/your installation/189/DZ_PG_67/ZM4394/WD1/1/DIA2017-05-19,189/DZ_PG_67/ZM4394/WD1/1/DIA2017-05-19,Plant,DIA2017,Maize,iPG310,WD1,1
189,test/your installation/190/DZ_PG_44/ZM4369/WD1/1/DIA2017-05-19,190/DZ_PG_44/ZM4369/WD1/1/DIA2017-05-19,Plant,DIA2017,Maize,iPG189,WD1,1
190,test/your installation/191/DZ_PG_63/ZM4392/WD1/1/DIA2017-05-19,191/DZ_PG_63/ZM4392/WD1/1/DIA2017-05-19,Plant,DIA2017,Maize,iPG304,WD1,1
191,test/your installation/192/DZ_PG_69/ZM4396/WD1/1/DIA2017-05-19,192/DZ_PG_69/ZM4396/WD1/1/DIA2017-05-19,Plant,DIA2017,Maize,iPG312,WD1,1
192,test/your installation/193/DZ_PG_20/ZM4344/WD1/1/DIA2017-05-19,193/DZ_PG_20/ZM4344/WD1/1/DIA2017-05-19,Plant,DIA2017,Maize,iPG119,WD1,1
193,test/your installation/194/DZ_PG_04/ZM4366/WD1/1/DIA2017-05-19,194/DZ_PG_04/ZM4366/WD1/1/DIA2017-05-19,Plant,DIA2017,Maize,iPG321,WD1,1
194,test/your installation/195/DZ_PG_14/ZM4375/WD1/1/DIA2017-05-19,195/DZ_PG_14/ZM4375/WD1/1/DIA2017-05-19,Plant,DIA2017,Maize,iPG101,WD1,1
195,test/your installation/196/DZ_PG_25/ZM4382/WD1/2/DIA2017-05-19,196/DZ_PG_25/ZM4382/WD1/2/DIA2017-05-19,Plant,DIA2017,Maize,iPG136,WD1,2
196,test/your installation/197/DZ_PG_19/ZM4367/WD1/2/DIA2017-05-19,197/DZ_PG_19/ZM4367/WD1/2/DIA2017-05-19,Plant,DIA2017,Maize,iPG117,WD1,2
197,test/your installation/198/DZ_PG_31/ZM4347/WD1/2/DIA2017-05-19,198/DZ_PG_31/ZM4347/WD1/2/DIA2017-05-19,Plant,DIA2017,Maize,iPG153,WD1,2
198,test/your installation/199/DZ_PG_35/ZM4358/WD1/2/DIA2017-05-19,199/DZ_PG_35/ZM4358/WD1/2/DIA2017-05-19,Plant,DIA2017,Maize,iPG164,WD1,2
199,test/your installation/200/DZ_PG_17/ZM4348/WD1/2/DIA2017-05-19,200/DZ_PG_17/ZM4348/WD1/2/DIA2017-05-19,Plant,DIA2017,Maize,iPG110,WD1,2
200,test/your installation/201/DZ_PG_24/ZM4342/WD1/2/DIA2017-05-19,201/DZ_PG_24/ZM4342/WD1/2/DIA2017-05-19,Plant,DIA2017,Maize,iPG131,WD1,2
201,test/your installation/202/DZ_PG_34/ZM4384/WD1/2/DIA2017-05-19,202/DZ_PG_34/ZM4384/WD1/2/DIA2017-05-19,Plant,DIA2017,Maize,iPG159,WD1,2
202,test/your installation/203/DZ_PG_50/ZM4363/WD1/2/DIA2017-05-19,203/DZ_PG_50/ZM4363/WD1/2/DIA2017-05-19,Plant,DIA2017,Maize,iPG233,WD1,2
203,test/your installation/204/DZ_PG_04/ZM4366/WD1/2/DIA2017-05-19,204/DZ_PG_04/ZM4366/WD1/2/DIA2017-05-19,Plant,DIA2017,Maize,iPG321,WD1,2
204,test/your installation/205/DZ_PG_49/ZM4389/WD1/2/DIA2017-05-19,205/DZ_PG_49/ZM4389/WD1/2/DIA2017-05-19,Plant,DIA2017,Maize,iPG228,WD1,2
205,test/your installation/206/DZ_PG_21/ZM4360/WD1/2/DIA2017-05-19,206/DZ_PG_21/ZM4360/WD1/2/DIA2017-05-19,Plant,DIA2017,Maize,iPG120,WD1,2
206,test/your installation/207/DZ_PG_69/ZM4396/WD1/2/DIA2017-05-19,207/DZ_PG_69/ZM4396/WD1/2/DIA2017-05-19,Plant,DIA2017,Maize,iPG312,WD1,2
207,test/your installation/208/DZ_PG_62/ZM4393/WD1/2/DIA2017-05-19,208/DZ_PG_62/ZM4393/WD1/2/DIA2017-05-19,Plant,DIA2017,Maize,iPG303,WD1,2
208,test/your installation/209/DZ_PG_63/ZM4392/WD1/2/DIA2017-05-19,209/DZ_PG_63/ZM4392/WD1/2/DIA2017-05-19,Plant,DIA2017,Maize,iPG304,WD1,2
209,test/your installation/210/DZ_PG_01/ZM4381/WD1/2/DIA2017-05-19,210/DZ_PG_01/ZM4381/WD1/2/DIA2017-05-19,Plant,DIA2017,Maize,iPG004,WD1,2
210,test/your installation/211/DZ_PG_12/ZM1304_lot1/WD1/2/DIA2017-05-19,211/DZ_PG_12/ZM1304_lot1/WD1/2/DIA2017-05-19,Plant,DIA2017,Maize,iPG082,WD1,2
211,test/your installation/212/DZ_PG_69/ZM4396/WD1/2/DIA2017-05-19,212/DZ_PG_69/ZM4396/WD1/2/DIA2017-05-19,Plant,DIA2017,Maize,iPG312,WD1,2
212,test/your installation/213/DZ_PG_03/ZM4377/WD1/2/DIA2017-05-19,213/DZ_PG_03/ZM4377/WD1/2/DIA2017-05-19,Plant,DIA2017,Maize,iPG017,WD1,2
213,test/your installation/214/DKC4590/XXXX/WD1/2/DIA2017-05-19,214/DKC4590/XXXX/WD1/2/DIA2017-05-19,Plant,DIA2017,Maize,DKC4590,WD1,2
214,test/your installation/215/DKC4590/XXXX/WD1/2/DIA2017-05-19,215/DKC4590/XXXX/WD1/2/DIA2017-05-19,Plant,DIA2017,Maize,DKC4590,WD1,2
215,test/your installation/216/DZ_PG_44/ZM4369/WD1/2/DIA2017-05-19,216/DZ_PG_44/ZM4369/WD1/2/DIA2017-05-19,Plant,DIA2017,Maize,iPG189,WD1,2
216,test/your installation/217/DZ_PG_45/ZM4385/WD1/2/DIA2017-05-19,217/DZ_PG_45/ZM4385/WD1/2/DIA2017-05-19,Plant,DIA2017,Maize,iPG194,WD1,2
217,test/your installation/218/DZ_PG_33/ZM4353/WD1/2/DIA2017-05-19,218/DZ_PG_33/ZM4353/WD1/2/DIA2017-05-19,Plant,DIA2017,Maize,iPG158,WD1,2
218,test/your installation/219/DZ_PG_52/ZM4370/WD1/2/DIA2017-05-19,219/DZ_PG_52/ZM4370/WD1/2/DIA2017-05-19,Plant,DIA2017,Maize,iPG239,WD1,2
219,test/your installation/220/DZ_PG_45/ZM4385/WD1/2/DIA2017-05-19,220/DZ_PG_45/ZM4385/WD1/2/DIA2017-05-19,Plant,DIA2017,Maize,iPG194,WD1,2
220,test/your installation/221/DZ_PG_51/ZM4350/WD1/2/DIA2017-05-19,221/DZ_PG_51/ZM4350/WD1/2/DIA2017-05-19,Plant,DIA2017,Maize,iPG234,WD1,2
221,test/your installation/222/DZ_PG_47/ZM4362/WD1/2/DIA2017-05-19,222/DZ_PG_47/ZM4362/WD1/2/DIA2017-05-19,Plant,DIA2017,Maize,iPG202,WD1,2
222,test/your installation/223/DZ_PG_48/ZM4421/WD1/2/DIA2017-05-19,223/DZ_PG_48/ZM4421/WD1/2/DIA2017-05-19,Plant,DIA2017,Maize,iPG216,WD1,2
223,test/your installation/224/DZ_PG_11/ZM4386/WD1/2/DIA2017-05-19,224/DZ_PG_11/ZM4386/WD1/2/DIA2017-05-19,Plant,DIA2017,Maize,iPG077,WD1,2
224,test/your installation/225/DZ_PG_43/ZM4380/WD1/2/DIA2017-05-19,225/DZ_PG_43/ZM4380/WD1/2/DIA2017-05-19,Plant,DIA2017,Maize,iPG188,WD1,2
225,test/your installation/226/DZ_PG_54/ZM4346/WD1/2/DIA2017-05-19,226/DZ_PG_54/ZM4346/WD1/2/DIA2017-05-19,Plant,DIA2017,Maize,iPG116,WD1,2
226,test/your installation/227/DZ_PG_05/ZM4357/WD1/2/DIA2017-05-19,227/DZ_PG_05/ZM4357/WD1/2/DIA2017-05-19,Plant,DIA2017,Maize,iPG026,WD1,2
227,test/your installation/228/DKC4590/XXXX/WD1/2/DIA2017-05-19,228/DKC4590/XXXX/WD1/2/DIA2017-05-19,Plant,DIA2017,Maize,DKC4590,WD1,2
228,test/your installation/229/DZ_PG_20/ZM4344/WD1/2/DIA2017-05-19,229/DZ_PG_20/ZM4344/WD1/2/DIA2017-05-19,Plant,DIA2017,Maize,iPG119,WD1,2
229,test/your installation/230/DZ_PG_72/ZM4398/WD1/2/DIA2017-05-19,230/DZ_PG_72/ZM4398/WD1/2/DIA2017-05-19,Plant,DIA2017,Maize,iPG314,WD1,2
230,test/your installation/231/DZ_PG_41/ZM4378/WD1/2/DIA2017-05-19,231/DZ_PG_41/ZM4378/WD1/2/DIA2017-05-19,Plant,DIA2017,Maize,iPG181,WD1,2
231,test/your installation/232/DZ_PG_74/ZM4397/WD1/2/DIA2017-05-19,232/DZ_PG_74/ZM4397/WD1/2/DIA2017-05-19,Plant,DIA2017,Maize,iPG313,WD1,2
232,test/your installation/233/DZ_PG_68/ZM4395/WD1/2/DIA2017-05-19,233/DZ_PG_68/ZM4395/WD1/2/DIA2017-05-19,Plant,DIA2017,Maize,iPG311,WD1,2
233,test/your installation/234/DZ_PG_37/ZM4364/WD1/2/DIA2017-05-19,234/DZ_PG_37/ZM4364/WD1/2/DIA2017-05-19,Plant,DIA2017,Maize,iPG167,WD1,2
234,test/your installation/235/DZ_PG_22/ZM4349/WD1/2/DIA2017-05-19,235/DZ_PG_22/ZM4349/WD1/2/DIA2017-05-19,Plant,DIA2017,Maize,iPG121,WD1,2
235,test/your installation/236/DZ_PG_06/ZM4376/WD1/2/DIA2017-05-19,236/DZ_PG_06/ZM4376/WD1/2/DIA2017-05-19,Plant,DIA2017,Maize,iPG029,WD1,2
236,test/your installation/237/DZ_PG_53/ZM4345/WD1/2/DIA2017-05-19,237/DZ_PG_53/ZM4345/WD1/2/DIA2017-05-19,Plant,DIA2017,Maize,iPG190,WD1,2
237,test/your installation/238/DZ_PG_26/ZM4387/WD1/2/DIA2017-05-19,238/DZ_PG_26/ZM4387/WD1/2/DIA2017-05-19,Plant,DIA2017,Maize,iPG138,WD1,2
238,test/your installation/239/DZ_PG_14/ZM4375/WD1/2/DIA2017-05-19,239/DZ_PG_14/ZM4375/WD1/2/DIA2017-05-19,Plant,DIA2017,Maize,iPG101,WD1,2
239,test/your installation/240/DZ_PG_55/ZM4355/WD1/2/DIA2017-05-19,240/DZ_PG_55/ZM4355/WD1/2/DIA2017-05-19,Plant,DIA2017,Maize,iPG146,WD1,2
240,test/your installation/241/DKC4590/XXXX/WD1/2/DIA2017-05-19,241/DKC4590/XXXX/WD1/2/DIA2017-05-19,Plant,DIA2017,Maize,DKC4590,WD1,2
241,test/your installation/242/DKC4590/XXXX/WD1/2/DIA2017-05-19,242/DKC4590/XXXX/WD1/2/DIA2017-05-19,Plant,DIA2017,Maize,DKC4590,WD1,2
242,test/your installation/243/DZ_PG_30/ZM4361/WD1/2/DIA2017-05-19,243/DZ_PG_30/ZM4361/WD1/2/DIA2017-05-19,Plant,DIA2017,Maize,iPG152,WD1,2
243,test/your installation/244/DZ_PG_09/ZM4368/WD1/2/DIA2017-05-19,244/DZ_PG_09/ZM4368/WD1/2/DIA2017-05-19,Plant,DIA2017,Maize,iPG066,WD1,2
244,test/your installation/245/DZ_PG_10/ZM4365/WD1/2/DIA2017-05-19,245/DZ_PG_10/ZM4365/WD1/2/DIA2017-05-19,Plant,DIA2017,Maize,iPG073,WD1,2
245,test/your installation/246/DZ_PG_66/ZM4391/WD1/2/DIA2017-05-19,246/DZ_PG_66/ZM4391/WD1/2/DIA2017-05-19,Plant,DIA2017,Maize,iPG318,WD1,2
246,test/your installation/247/DZ_PG_23/ZM4388/WD1/2/DIA2017-05-19,247/DZ_PG_23/ZM4388/WD1/2/DIA2017-05-19,Plant,DIA2017,Maize,iPG128,WD1,2
247,test/your installation/248/DZ_PG_27/ZM4354/WD1/2/DIA2017-05-19,248/DZ_PG_27/ZM4354/WD1/2/DIA2017-05-19,Plant,DIA2017,Maize,iPG103,WD1,2
248,test/your installation/249/DZ_PG_62/ZM4393/WD1/2/DIA2017-05-19,249/DZ_PG_62/ZM4393/WD1/2/DIA2017-05-19,Plant,DIA2017,Maize,iPG303,WD1,2
249,test/your installation/250/DZ_PG_13/ZM4379/WD1/2/DIA2017-05-19,250/DZ_PG_13/ZM4379/WD1/2/DIA2017-05-19,Plant,DIA2017,Maize,iPG089,WD1,2
250,test/your installation/251/DZ_PG_16/ZM4359/WD1/2/DIA2017-05-19,251/DZ_PG_16/ZM4359/WD1/2/DIA2017-05-19,Plant,DIA2017,Maize,iPG109,WD1,2
251,test/your installation/252/DZ_PG_32/ZM4352/WD1/2/DIA2017-05-19,252/DZ_PG_32/ZM4352/WD1/2/DIA2017-05-19,Plant,DIA2017,Maize,iPG155,WD1,2
252,test/your installation/253/DZ_PG_77/ZM4452/WD1/2/DIA2017-05-19,253/DZ_PG_77/ZM4452/WD1/2/DIA2017-05-19,Plant,DIA2017,Maize,iPG169,WD1,2
253,test/your installation/254/DZ_PG_62/ZM4393/WD1/2/DIA2017-05-19,254/DZ_PG_62/ZM4393/WD1/2/DIA2017-05-19,Plant,DIA2017,Maize,iPG303,WD1,2
254,test/your installation/255/DZ_PG_02/ZM4356/WD1/2/DIA2017-05-19,255/DZ_PG_02/ZM4356/WD1/2/DIA2017-05-19,Plant,DIA2017,Maize,iPG007,WD1,2
255,test/your installation/256/DZ_PG_08/ZM4343/WD1/2/DIA2017-05-19,256/DZ_PG_08/ZM4343/WD1/2/DIA2017-05-19,Plant,DIA2017,Maize,iPG063,WD1,2
256,test/your installation/257/DZ_PG_67/ZM4394/WD1/2/DIA2017-05-19,257/DZ_PG_67/ZM4394/WD1/2/DIA2017-05-19,Plant,DIA2017,Maize,iPG310,WD1,2
257,test/your installation/258/DZ_PG_40/ZM4390/WD1/2/DIA2017-05-19,258/DZ_PG_40/ZM4390/WD1/2/DIA2017-05-19,Plant,DIA2017,Maize,iPG176,WD1,2
258,test/your installation/259/DZ_PG_07/ZM4351/WD1/2/DIA2017-05-19,259/DZ_PG_07/ZM4351/WD1/2/DIA2017-05-19,Plant,DIA2017,Maize,iPG062,WD1,2
259,test/your installation/260/DZ_PG_67/ZM4394/WD1/2/DIA2017-05-19,260/DZ_PG_67/ZM4394/WD1/2/DIA2017-05-19,Plant,DIA2017,Maize,iPG310,WD1,2
260,test/your installation/261/DZ_PG_51/ZM4350/WD2/1/DIA2017-05-19,261/DZ_PG_51/ZM4350/WD2/1/DIA2017-05-19,Plant,DIA2017,Maize,iPG234,WD2,1
261,test/your installation/262/DZ_PG_08/ZM4343/WD2/1/DIA2017-05-19,262/DZ_PG_08/ZM4343/WD2/1/DIA2017-05-19,Plant,DIA2017,Maize,iPG063,WD2,1
262,test/your installation/263/DZ_PG_67/ZM4394/WD2/1/DIA2017-05-19,263/DZ_PG_67/ZM4394/WD2/1/DIA2017-05-19,Plant,DIA2017,Maize,iPG310,WD2,1
263,test/your installation/264/DZ_PG_43/ZM4380/WD2/1/DIA2017-05-19,264/DZ_PG_43/ZM4380/WD2/1/DIA2017-05-19,Plant,DIA2017,Maize,iPG188,WD2,1
264,test/your installation/265/DZ_PG_01/ZM4381/WD2/1/DIA2017-05-19,265/DZ_PG_01/ZM4381/WD2/1/DIA2017-05-19,Plant,DIA2017,Maize,iPG004,WD2,1
265,test/your installation/266/DZ_PG_66/ZM4391/WD2/1/DIA2017-05-19,266/DZ_PG_66/ZM4391/WD2/1/DIA2017-05-19,Plant,DIA2017,Maize,iPG318,WD2,1
266,test/your installation/267/DZ_PG_69/ZM4396/WD2/1/DIA2017-05-19,267/DZ_PG_69/ZM4396/WD2/1/DIA2017-05-19,Plant,DIA2017,Maize,iPG312,WD2,1
267,test/your installation/268/DZ_PG_62/ZM4393/WD2/1/DIA2017-05-19,268/DZ_PG_62/ZM4393/WD2/1/DIA2017-05-19,Plant,DIA2017,Maize,iPG303,WD2,1
268,test/your installation/269/DZ_PG_04/ZM4366/WD2/1/DIA2017-05-19,269/DZ_PG_04/ZM4366/WD2/1/DIA2017-05-19,Plant,DIA2017,Maize,iPG321,WD2,1
269,test/your installation/270/DZ_PG_48/ZM4421/WD2/1/DIA2017-05-19,270/DZ_PG_48/ZM4421/WD2/1/DIA2017-05-19,Plant,DIA2017,Maize,iPG216,WD2,1
270,test/your installation/271/DZ_PG_34/ZM4384/WD2/1/DIA2017-05-19,271/DZ_PG_34/ZM4384/WD2/1/DIA2017-05-19,Plant,DIA2017,Maize,iPG159,WD2,1
271,test/your installation/272/DZ_PG_69/ZM4396/WD2/1/DIA2017-05-19,272/DZ_PG_69/ZM4396/WD2/1/DIA2017-05-19,Plant,DIA2017,Maize,iPG312,WD2,1
272,test/your installation/273/DZ_PG_02/ZM4356/WD2/1/DIA2017-05-19,273/DZ_PG_02/ZM4356/WD2/1/DIA2017-05-19,Plant,DIA2017,Maize,iPG007,WD2,1
273,test/your installation/274/DZ_PG_32/ZM4352/WD2/1/DIA2017-05-19,274/DZ_PG_32/ZM4352/WD2/1/DIA2017-05-19,Plant,DIA2017,Maize,iPG155,WD2,1
274,test/your installation/275/DZ_PG_12/ZM1304_lot1/WD2/1/DIA2017-05-19,275/DZ_PG_12/ZM1304_lot1/WD2/1/DIA2017-05-19,Plant,DIA2017,Maize,iPG082,WD2,1
275,test/your installation/276/DZ_PG_03/ZM4377/WD2/1/DIA2017-05-19,276/DZ_PG_03/ZM4377/WD2/1/DIA2017-05-19,Plant,DIA2017,Maize,iPG017,WD2,1
276,test/your installation/277/DZ_PG_67/ZM4394/WD2/1/DIA2017-05-19,277/DZ_PG_67/ZM4394/WD2/1/DIA2017-05-19,Plant,DIA2017,Maize,iPG310,WD2,1
277,test/your installation/278/DZ_PG_30/ZM4361/WD2/1/DIA2017-05-19,278/DZ_PG_30/ZM4361/WD2/1/DIA2017-05-19,Plant,DIA2017,Maize,iPG152,WD2,1
278,test/your installation/279/DZ_PG_19/ZM4367/WD2/1/DIA2017-05-19,279/DZ_PG_19/ZM4367/WD2/1/DIA2017-05-19,Plant,DIA2017,Maize,iPG117,WD2,1
279,test/your installation/280/DZ_PG_21/ZM4360/WD2/1/DIA2017-05-19,280/DZ_PG_21/ZM4360/WD2/1/DIA2017-05-19,Plant,DIA2017,Maize,iPG120,WD2,1
280,test/your installation/281/DZ_PG_55/ZM4355/WD2/1/DIA2017-05-19,281/DZ_PG_55/ZM4355/WD2/1/DIA2017-05-19,Plant,DIA2017,Maize,iPG146,WD2,1
281,test/your installation/282/DZ_PG_68/ZM4395/WD2/1/DIA2017-05-19,282/DZ_PG_68/ZM4395/WD2/1/DIA2017-05-19,Plant,DIA2017,Maize,iPG311,WD2,1
282,test/your installation/283/DZ_PG_27/ZM4354/WD2/1/DIA2017-05-19,283/DZ_PG_27/ZM4354/WD2/1/DIA2017-05-19,Plant,DIA2017,Maize,iPG103,WD2,1
283,test/your installation/284/DZ_PG_41/ZM4378/WD2/1/DIA2017-05-19,284/DZ_PG_41/ZM4378/WD2/1/DIA2017-05-19,Plant,DIA2017,Maize,iPG181,WD2,1
284,test/your installation/285/DZ_PG_63/ZM4392/WD2/1/DIA2017-05-19,285/DZ_PG_63/ZM4392/WD2/1/DIA2017-05-19,Plant,DIA2017,Maize,iPG304,WD2,1
285,test/your installation/286/DZ_PG_09/ZM4368/WD2/1/DIA2017-05-19,286/DZ_PG_09/ZM4368/WD2/1/DIA2017-05-19,Plant,DIA2017,Maize,iPG066,WD2,1
286,test/your installation/287/DZ_PG_06/ZM4376/WD2/1/DIA2017-05-19,287/DZ_PG_06/ZM4376/WD2/1/DIA2017-05-19,Plant,DIA2017,Maize,iPG029,WD2,1
287,test/your installation/288/DZ_PG_22/ZM4349/WD2/1/DIA2017-05-19,288/DZ_PG_22/ZM4349/WD2/1/DIA2017-05-19,Plant,DIA2017,Maize,iPG121,WD2,1
288,test/your installation/289/DZ_PG_37/ZM4364/WD2/1/DIA2017-05-19,289/DZ_PG_37/ZM4364/WD2/1/DIA2017-05-19,Plant,DIA2017,Maize,iPG167,WD2,1
289,test/your installation/290/DZ_PG_49/ZM4389/WD2/1/DIA2017-05-19,290/DZ_PG_49/ZM4389/WD2/1/DIA2017-05-19,Plant,DIA2017,Maize,iPG228,WD2,1
290,test/your installation/291/DZ_PG_17/ZM4348/WD2/1/DIA2017-05-19,291/DZ_PG_17/ZM4348/WD2/1/DIA2017-05-19,Plant,DIA2017,Maize,iPG110,WD2,1
291,test/your installation/292/DZ_PG_72/ZM4398/WD2/1/DIA2017-05-19,292/DZ_PG_72/ZM4398/WD2/1/DIA2017-05-19,Plant,DIA2017,Maize,iPG314,WD2,1
292,test/your installation/293/DZ_PG_47/ZM4362/WD2/1/DIA2017-05-19,293/DZ_PG_47/ZM4362/WD2/1/DIA2017-05-19,Plant,DIA2017,Maize,iPG202,WD2,1
293,test/your installation/294/DZ_PG_13/ZM4379/WD2/1/DIA2017-05-19,294/DZ_PG_13/ZM4379/WD2/1/DIA2017-05-19,Plant,DIA2017,Maize,iPG089,WD2,1
294,test/your installation/295/DZ_PG_25/ZM4382/WD2/1/DIA2017-05-19,295/DZ_PG_25/ZM4382/WD2/1/DIA2017-05-19,Plant,DIA2017,Maize,iPG136,WD2,1
295,test/your installation/296/DZ_PG_24/ZM4342/WD2/1/DIA2017-05-19,296/DZ_PG_24/ZM4342/WD2/1/DIA2017-05-19,Plant,DIA2017,Maize,iPG131,WD2,1
296,test/your installation/297/DKC4590/XXXX/WD2/1/DIA2017-05-19,297/DKC4590/XXXX/WD2/1/DIA2017-05-19,Plant,DIA2017,Maize,DKC4590,WD2,1
297,test/your installation/298/DKC4590/XXXX/WD2/1/DIA2017-05-19,298/DKC4590/XXXX/WD2/1/DIA2017-05-19,Plant,DIA2017,Maize,DKC4590,WD2,1
298,test/your installation/299/DKC4590/XXXX/WD2/1/DIA2017-05-19,299/DKC4590/XXXX/WD2/1/DIA2017-05-19,Plant,DIA2017,Maize,DKC4590,WD2,1
299,test/your installation/300/DZ_PG_52/ZM4370/WD2/1/DIA2017-05-19,300/DZ_PG_52/ZM4370/WD2/1/DIA2017-05-19,Plant,DIA2017,Maize,iPG239,WD2,1
300,test/your installation/301/DZ_PG_50/ZM4363/WD2/1/DIA2017-05-19,301/DZ_PG_50/ZM4363/WD2/1/DIA2017-05-19,Plant,DIA2017,Maize,iPG233,WD2,1
301,test/your installation/302/DZ_PG_14/ZM4375/WD2/1/DIA2017-05-19,302/DZ_PG_14/ZM4375/WD2/1/DIA2017-05-19,Plant,DIA2017,Maize,iPG101,WD2,1
302,test/your installation/303/DZ_PG_20/ZM4344/WD2/1/DIA2017-05-19,303/DZ_PG_20/ZM4344/WD2/1/DIA2017-05-19,Plant,DIA2017,Maize,iPG119,WD2,1
303,test/your installation/304/DZ_PG_40/ZM4390/WD2/1/DIA2017-05-19,304/DZ_PG_40/ZM4390/WD2/1/DIA2017-05-19,Plant,DIA2017,Maize,iPG176,WD2,1
304,test/your installation/305/DKC4590/XXXX/WD2/1/DIA2017-05-19,305/DKC4590/XXXX/WD2/1/DIA2017-05-19,Plant,DIA2017,Maize,DKC4590,WD2,1
305,test/your installation/306/DKC4590/XXXX/WD2/1/DIA2017-05-19,306/DKC4590/XXXX/WD2/1/DIA2017-05-19,Plant,DIA2017,Maize,DKC4590,WD2,1
306,test/your installation/307/DZ_PG_62/ZM4393/WD2/1/DIA2017-05-19,307/DZ_PG_62/ZM4393/WD2/1/DIA2017-05-19,Plant,DIA2017,Maize,iPG303,WD2,1
307,test/your installation/308/DZ_PG_23/ZM4388/WD2/1/DIA2017-05-19,308/DZ_PG_23/ZM4388/WD2/1/DIA2017-05-19,Plant,DIA2017,Maize,iPG128,WD2,1
308,test/your installation/309/DZ_PG_74/ZM4397/WD2/1/DIA2017-05-19,309/DZ_PG_74/ZM4397/WD2/1/DIA2017-05-19,Plant,DIA2017,Maize,iPG313,WD2,1
309,test/your installation/310/DZ_PG_44/ZM4369/WD2/1/DIA2017-05-19,310/DZ_PG_44/ZM4369/WD2/1/DIA2017-05-19,Plant,DIA2017,Maize,iPG189,WD2,1
310,test/your installation/311/DZ_PG_77/ZM4452/WD2/1/DIA2017-05-19,311/DZ_PG_77/ZM4452/WD2/1/DIA2017-05-19,Plant,DIA2017,Maize,iPG169,WD2,1
311,test/your installation/312/DZ_PG_62/ZM4393/WD2/1/DIA2017-05-19,312/DZ_PG_62/ZM4393/WD2/1/DIA2017-05-19,Plant,DIA2017,Maize,iPG303,WD2,1
312,test/your installation/313/DZ_PG_45/ZM4385/WD2/1/DIA2017-05-19,313/DZ_PG_45/ZM4385/WD2/1/DIA2017-05-19,Plant,DIA2017,Maize,iPG194,WD2,1
313,test/your installation/314/DZ_PG_36/ZM4372/WD2/1/DIA2017-05-19,314/DZ_PG_36/ZM4372/WD2/1/DIA2017-05-19,Plant,DIA2017,Maize,iPG165,WD2,1
314,test/your installation/315/DZ_PG_11/ZM4386/WD2/1/DIA2017-05-19,315/DZ_PG_11/ZM4386/WD2/1/DIA2017-05-19,Plant,DIA2017,Maize,iPG077,WD2,1
315,test/your installation/316/DZ_PG_35/ZM4358/WD2/1/DIA2017-05-19,316/DZ_PG_35/ZM4358/WD2/1/DIA2017-05-19,Plant,DIA2017,Maize,iPG164,WD2,1
316,test/your installation/317/DZ_PG_26/ZM4387/WD2/1/DIA2017-05-19,317/DZ_PG_26/ZM4387/WD2/1/DIA2017-05-19,Plant,DIA2017,Maize,iPG138,WD2,1
317,test/your installation/318/DZ_PG_07/ZM4351/WD2/1/DIA2017-05-19,318/DZ_PG_07/ZM4351/WD2/1/DIA2017-05-19,Plant,DIA2017,Maize,iPG062,WD2,1
318,test/your installation/319/DZ_PG_05/ZM4357/WD2/1/DIA2017-05-19,319/DZ_PG_05/ZM4357/WD2/1/DIA2017-05-19,Plant,DIA2017,Maize,iPG026,WD2,1
319,test/your installation/320/DZ_PG_31/ZM4347/WD2/1/DIA2017-05-19,320/DZ_PG_31/ZM4347/WD2/1/DIA2017-05-19,Plant,DIA2017,Maize,iPG153,WD2,1
320,test/your installation/321/DZ_PG_54/ZM4346/WD2/1/DIA2017-05-19,321/DZ_PG_54/ZM4346/WD2/1/DIA2017-05-19,Plant,DIA2017,Maize,iPG116,WD2,1
321,test/your installation/322/DZ_PG_33/ZM4353/WD2/1/DIA2017-05-19,322/DZ_PG_33/ZM4353/WD2/1/DIA2017-05-19,Plant,DIA2017,Maize,iPG158,WD2,1
322,test/your installation/323/DZ_PG_16/ZM4359/WD2/1/DIA2017-05-19,323/DZ_PG_16/ZM4359/WD2/1/DIA2017-05-19,Plant,DIA2017,Maize,iPG109,WD2,1
323,test/your installation/324/DZ_PG_10/ZM4365/WD2/1/DIA2017-05-19,324/DZ_PG_10/ZM4365/WD2/1/DIA2017-05-19,Plant,DIA2017,Maize,iPG073,WD2,1
324,test/your installation/325/DZ_PG_53/ZM4345/WD2/1/DIA2017-05-19,325/DZ_PG_53/ZM4345/WD2/1/DIA2017-05-19,Plant,DIA2017,Maize,iPG190,WD2,1
325,test/your installation/326/DZ_PG_53/ZM4345/WD2/2/DIA2017-05-19,326/DZ_PG_53/ZM4345/WD2/2/DIA2017-05-19,Plant,DIA2017,Maize,iPG190,WD2,2
326,test/your installation/327/DZ_PG_14/ZM4375/WD2/2/DIA2017-05-19,327/DZ_PG_14/ZM4375/WD2/2/DIA2017-05-19,Plant,DIA2017,Maize,iPG101,WD2,2
327,test/your installation/328/DZ_PG_01/ZM4381/WD2/2/DIA2017-05-19,328/DZ_PG_01/ZM4381/WD2/2/DIA2017-05-19,Plant,DIA2017,Maize,iPG004,WD2,2
328,test/your installation/329/DZ_PG_67/ZM4394/WD2/2/DIA2017-05-19,329/DZ_PG_67/ZM4394/WD2/2/DIA2017-05-19,Plant,DIA2017,Maize,iPG310,WD2,2
329,test/your installation/330/DZ_PG_02/ZM4356/WD2/2/DIA2017-05-19,330/DZ_PG_02/ZM4356/WD2/2/DIA2017-05-19,Plant,DIA2017,Maize,iPG007,WD2,2
330,test/your installation/331/DZ_PG_37/ZM4364/WD2/2/DIA2017-05-19,331/DZ_PG_37/ZM4364/WD2/2/DIA2017-05-19,Plant,DIA2017,Maize,iPG167,WD2,2
331,test/your installation/332/DZ_PG_40/ZM4390/WD2/2/DIA2017-05-19,332/DZ_PG_40/ZM4390/WD2/2/DIA2017-05-19,Plant,DIA2017,Maize,iPG176,WD2,2
332,test/your installation/333/DZ_PG_12/ZM1304_lot1/WD2/2/DIA2017-05-19,333/DZ_PG_12/ZM1304_lot1/WD2/2/DIA2017-05-19,Plant,DIA2017,Maize,iPG082,WD2,2
333,test/your installation/334/DZ_PG_43/ZM4380/WD2/2/DIA2017-05-19,334/DZ_PG_43/ZM4380/WD2/2/DIA2017-05-19,Plant,DIA2017,Maize,iPG188,WD2,2
334,test/your installation/335/DZ_PG_06/ZM4376/WD2/2/DIA2017-05-19,335/DZ_PG_06/ZM4376/WD2/2/DIA2017-05-19,Plant,DIA2017,Maize,iPG029,WD2,2
335,test/your installation/336/DZ_PG_19/ZM4367/WD2/2/DIA2017-05-19,336/DZ_PG_19/ZM4367/WD2/2/DIA2017-05-19,Plant,DIA2017,Maize,iPG117,WD2,2
336,test/your installation/337/DZ_PG_36/ZM4372/WD2/2/DIA2017-05-19,337/DZ_PG_36/ZM4372/WD2/2/DIA2017-05-19,Plant,DIA2017,Maize,iPG165,WD2,2
337,test/your installation/338/DZ_PG_11/ZM4386/WD2/2/DIA2017-05-19,338/DZ_PG_11/ZM4386/WD2/2/DIA2017-05-19,Plant,DIA2017,Maize,iPG077,WD2,2
338,test/your installation/339/DZ_PG_62/ZM4393/WD2/2/DIA2017-05-19,339/DZ_PG_62/ZM4393/WD2/2/DIA2017-05-19,Plant,DIA2017,Maize,iPG303,WD2,2
339,test/your installation/340/DZ_PG_55/ZM4355/WD2/2/DIA2017-05-19,340/DZ_PG_55/ZM4355/WD2/2/DIA2017-05-19,Plant,DIA2017,Maize,iPG146,WD2,2
340,test/your installation/341/DZ_PG_33/ZM4353/WD2/2/DIA2017-05-19,341/DZ_PG_33/ZM4353/WD2/2/DIA2017-05-19,Plant,DIA2017,Maize,iPG158,WD2,2
341,test/your installation/342/DZ_PG_04/ZM4366/WD2/2/DIA2017-05-19,342/DZ_PG_04/ZM4366/WD2/2/DIA2017-05-19,Plant,DIA2017,Maize,iPG321,WD2,2
342,test/your installation/343/DZ_PG_48/ZM4421/WD2/2/DIA2017-05-19,343/DZ_PG_48/ZM4421/WD2/2/DIA2017-05-19,Plant,DIA2017,Maize,iPG216,WD2,2
343,test/your installation/344/DKC4590/XXXX/WD2/2/DIA2017-05-19,344/DKC4590/XXXX/WD2/2/DIA2017-05-19,Plant,DIA2017,Maize,DKC4590,WD2,2
344,test/your installation/345/DKC4590/XXXX/WD2/2/DIA2017-05-19,345/DKC4590/XXXX/WD2/2/DIA2017-05-19,Plant,DIA2017,Maize,DKC4590,WD2,2
345,test/your installation/346/DZ_PG_49/ZM4389/WD2/2/DIA2017-05-19,346/DZ_PG_49/ZM4389/WD2/2/DIA2017-05-19,Plant,DIA2017,Maize,iPG228,WD2,2
346,test/your installation/347/DZ_PG_68/ZM4395/WD2/2/DIA2017-05-19,347/DZ_PG_68/ZM4395/WD2/2/DIA2017-05-19,Plant,DIA2017,Maize,iPG311,WD2,2
347,test/your installation/348/DZ_PG_62/ZM4393/WD2/2/DIA2017-05-19,348/DZ_PG_62/ZM4393/WD2/2/DIA2017-05-19,Plant,DIA2017,Maize,iPG303,WD2,2
348,test/your installation/349/DZ_PG_77/ZM4452/WD2/2/DIA2017-05-19,349/DZ_PG_77/ZM4452/WD2/2/DIA2017-05-19,Plant,DIA2017,Maize,iPG169,WD2,2
349,test/your installation/350/DZ_PG_32/ZM4352/WD2/2/DIA2017-05-19,350/DZ_PG_32/ZM4352/WD2/2/DIA2017-05-19,Plant,DIA2017,Maize,iPG155,WD2,2
350,test/your installation/351/DZ_PG_26/ZM4387/WD2/2/DIA2017-05-19,351/DZ_PG_26/ZM4387/WD2/2/DIA2017-05-19,Plant,DIA2017,Maize,iPG138,WD2,2
351,test/your installation/352/DZ_PG_74/ZM4397/WD2/2/DIA2017-05-19,352/DZ_PG_74/ZM4397/WD2/2/DIA2017-05-19,Plant,DIA2017,Maize,iPG313,WD2,2
352,test/your installation/353/DZ_PG_54/ZM4346/WD2/2/DIA2017-05-19,353/DZ_PG_54/ZM4346/WD2/2/DIA2017-05-19,Plant,DIA2017,Maize,iPG116,WD2,2
353,test/your installation/354/DZ_PG_67/ZM4394/WD2/2/DIA2017-05-19,354/DZ_PG_67/ZM4394/WD2/2/DIA2017-05-19,Plant,DIA2017,Maize,iPG310,WD2,2
354,test/your installation/355/DZ_PG_62/ZM4393/WD2/2/DIA2017-05-19,355/DZ_PG_62/ZM4393/WD2/2/DIA2017-05-19,Plant,DIA2017,Maize,iPG303,WD2,2
355,test/your installation/356/DZ_PG_69/ZM4396/WD2/2/DIA2017-05-19,356/DZ_PG_69/ZM4396/WD2/2/DIA2017-05-19,Plant,DIA2017,Maize,iPG312,WD2,2
356,test/your installation/357/DZ_PG_24/ZM4342/WD2/2/DIA2017-05-19,357/DZ_PG_24/ZM4342/WD2/2/DIA2017-05-19,Plant,DIA2017,Maize,iPG131,WD2,2
357,test/your installation/358/DKC4590/XXXX/WD2/2/DIA2017-05-19,358/DKC4590/XXXX/WD2/2/DIA2017-05-19,Plant,DIA2017,Maize,DKC4590,WD2,2
358,test/your installation/359/DZ_PG_34/ZM4384/WD2/2/DIA2017-05-19,359/DZ_PG_34/ZM4384/WD2/2/DIA2017-05-19,Plant,DIA2017,Maize,iPG159,WD2,2
359,test/your installation/360/DZ_PG_41/ZM4378/WD2/2/DIA2017-05-19,360/DZ_PG_41/ZM4378/WD2/2/DIA2017-05-19,Plant,DIA2017,Maize,iPG181,WD2,2
360,test/your installation/361/DZ_PG_03/ZM4377/WD2/2/DIA2017-05-19,361/DZ_PG_03/ZM4377/WD2/2/DIA2017-05-19,Plant,DIA2017,Maize,iPG017,WD2,2
361,test/your installation/362/DZ_PG_27/ZM4354/WD2/2/DIA2017-05-19,362/DZ_PG_27/ZM4354/WD2/2/DIA2017-05-19,Plant,DIA2017,Maize,iPG103,WD2,2
362,test/your installation/363/DZ_PG_25/ZM4382/WD2/2/DIA2017-05-19,363/DZ_PG_25/ZM4382/WD2/2/DIA2017-05-19,Plant,DIA2017,Maize,iPG136,WD2,2
363,test/your installation/364/DZ_PG_16/ZM4359/WD2/2/DIA2017-05-19,364/DZ_PG_16/ZM4359/WD2/2/DIA2017-05-19,Plant,DIA2017,Maize,iPG109,WD2,2
364,test/your installation/365/DZ_PG_44/ZM4369/WD2/2/DIA2017-05-19,365/DZ_PG_44/ZM4369/WD2/2/DIA2017-05-19,Plant,DIA2017,Maize,iPG189,WD2,2
365,test/your installation/366/DZ_PG_10/ZM4365/WD2/2/DIA2017-05-19,366/DZ_PG_10/ZM4365/WD2/2/DIA2017-05-19,Plant,DIA2017,Maize,iPG073,WD2,2
366,test/your installation/367/DZ_PG_21/ZM4360/WD2/2/DIA2017-05-19,367/DZ_PG_21/ZM4360/WD2/2/DIA2017-05-19,Plant,DIA2017,Maize,iPG120,WD2,2
367,test/your installation/368/DZ_PG_45/ZM4385/WD2/2/DIA2017-05-19,368/DZ_PG_45/ZM4385/WD2/2/DIA2017-05-19,Plant,DIA2017,Maize,iPG194,WD2,2
368,test/your installation/369/DZ_PG_35/ZM4358/WD2/2/DIA2017-05-19,369/DZ_PG_35/ZM4358/WD2/2/DIA2017-05-19,Plant,DIA2017,Maize,iPG164,WD2,2
369,test/your installation/370/DZ_PG_08/ZM4343/WD2/2/DIA2017-05-19,370/DZ_PG_08/ZM4343/WD2/2/DIA2017-05-19,Plant,DIA2017,Maize,iPG063,WD2,2
370,test/your installation/371/DKC4590/XXXX/WD2/2/DIA2017-05-19,371/DKC4590/XXXX/WD2/2/DIA2017-05-19,Plant,DIA2017,Maize,DKC4590,WD2,2
371,test/your installation/372/DKC4590/XXXX/WD2/2/DIA2017-05-19,372/DKC4590/XXXX/WD2/2/DIA2017-05-19,Plant,DIA2017,Maize,DKC4590,WD2,2
372,test/your installation/373/DZ_PG_17/ZM4348/WD2/2/DIA2017-05-19,373/DZ_PG_17/ZM4348/WD2/2/DIA2017-05-19,Plant,DIA2017,Maize,iPG110,WD2,2
373,test/your installation/374/DZ_PG_07/ZM4351/WD2/2/DIA2017-05-19,374/DZ_PG_07/ZM4351/WD2/2/DIA2017-05-19,Plant,DIA2017,Maize,iPG062,WD2,2
374,test/your installation/375/DZ_PG_20/ZM4344/WD2/2/DIA2017-05-19,375/DZ_PG_20/ZM4344/WD2/2/DIA2017-05-19,Plant,DIA2017,Maize,iPG119,WD2,2
375,test/your installation/376/DZ_PG_09/ZM4368/WD2/2/DIA2017-05-19,376/DZ_PG_09/ZM4368/WD2/2/DIA2017-05-19,Plant,DIA2017,Maize,iPG066,WD2,2
376,test/your installation/377/DZ_PG_22/ZM4349/WD2/2/DIA2017-05-19,377/DZ_PG_22/ZM4349/WD2/2/DIA2017-05-19,Plant,DIA2017,Maize,iPG121,WD2,2
377,test/your installation/378/DZ_PG_13/ZM4379/WD2/2/DIA2017-05-19,378/DZ_PG_13/ZM4379/WD2/2/DIA2017-05-19,Plant,DIA2017,Maize,iPG089,WD2,2
378,test/your installation/379/DZ_PG_63/ZM4392/WD2/2/DIA2017-05-19,379/DZ_PG_63/ZM4392/WD2/2/DIA2017-05-19,Plant,DIA2017,Maize,iPG304,WD2,2
379,test/your installation/380/DZ_PG_50/ZM4363/WD2/2/DIA2017-05-19,380/DZ_PG_50/ZM4363/WD2/2/DIA2017-05-19,Plant,DIA2017,Maize,iPG233,WD2,2
380,test/your installation/381/DZ_PG_47/ZM4362/WD2/2/DIA2017-05-19,381/DZ_PG_47/ZM4362/WD2/2/DIA2017-05-19,Plant,DIA2017,Maize,iPG202,WD2,2
381,test/your installation/382/DZ_PG_31/ZM4347/WD2/2/DIA2017-05-19,382/DZ_PG_31/ZM4347/WD2/2/DIA2017-05-19,Plant,DIA2017,Maize,iPG153,WD2,2
382,test/your installation/383/DZ_PG_69/ZM4396/WD2/2/DIA2017-05-19,383/DZ_PG_69/ZM4396/WD2/2/DIA2017-05-19,Plant,DIA2017,Maize,iPG312,WD2,2
383,test/your installation/384/DZ_PG_52/ZM4370/WD2/2/DIA2017-05-19,384/DZ_PG_52/ZM4370/WD2/2/DIA2017-05-19,Plant,DIA2017,Maize,iPG239,WD2,2
384,test/your installation/385/DZ_PG_72/ZM4398/WD2/2/DIA2017-05-19,385/DZ_PG_72/ZM4398/WD2/2/DIA2017-05-19,Plant,DIA2017,Maize,iPG314,WD2,2
385,test/your installation/386/DZ_PG_30/ZM4361/WD2/2/DIA2017-05-19,386/DZ_PG_30/ZM4361/WD2/2/DIA2017-05-19,Plant,DIA2017,Maize,iPG152,WD2,2
386,test/your installation/387/DZ_PG_23/ZM4388/WD2/2/DIA2017-05-19,387/DZ_PG_23/ZM4388/WD2/2/DIA2017-05-19,Plant,DIA2017,Maize,iPG128,WD2,2
387,test/your installation/388/DZ_PG_05/ZM4357/WD2/2/DIA2017-05-19,388/DZ_PG_05/ZM4357/WD2/2/DIA2017-05-19,Plant,DIA2017,Maize,iPG026,WD2,2
388,test/your installation/389/DZ_PG_66/ZM4391/WD2/2/DIA2017-05-19,389/DZ_PG_66/ZM4391/WD2/2/DIA2017-05-19,Plant,DIA2017,Maize,iPG318,WD2,2
389,test/your installation/390/DZ_PG_51/ZM4350/WD2/2/DIA2017-05-19,390/DZ_PG_51/ZM4350/WD2/2/DIA2017-05-19,Plant,DIA2017,Maize,iPG234,WD2,2
